<?xml version="1.0" encoding="UTF-8" standalone="yes"?>
<manifest>
  <control namespace="AD" constructor="ColorfulOptionSetButton" version="0.0.1" display-name-key="ColorfulOptionSetButton" description-key="ColorfulOptionSetButton description" control-type="standard" api-version="1.2.3">
    <property name="OptionSetAttribute" display-name-key="Optionset Attribute" description-key="Optionset Attribute" of-type="OptionSet" usage="bound" required="true"/>
    <resources>
      <code path="bundle.js" order="1"/>
      <css path="css/ColorfulOptionSetButton.css" order="1"/>
    </resources>
    <built-by name="pac" version="1.3.6"/>
  </control>
</manifest>